frame,timestamp_world,timestamp_video,person,participantes,angry,disgusted,fearful,happy,neutral,sad,surprised,tag
0,1650628847166,0.152247,,executor,,,,,,,,
1,1650628847202,0.185144,,executor,,,,,,,,
2,1650628847361,0.352144,,executor,,,,,,,,
3,1650628847374,0.364849,,executor,,,,,,,,
4,1650628847500,0.49018,,executor,,,,,,,,
5,1650628847592,0.57459,,executor,,,,,,,,
6,1650628847805,0.792032,,executor,,,,,,,,
7,1650628847823,0.808487,,executor,,,,,,,,
8,1650628847934,0.922252,,executor,,,,,,,,
9,1650628848095,1.081396,,executor,,,,,,,,
10,1650628848115,1.099196,,executor,,,,,,,,
11,1650628848276,1.268067,,executor,,,,,,,,
12,1650628848469,1.455861,,executor,,,,,,,,
13,1650628848533,1.525436,,executor,,,,,,,,
14,1650628848534,1.525436,,executor,,,,,,,,
15,1650628848664,1.6561,,executor,,,,,,,,
16,1650628848834,1.822862,,executor,,,,,,,,
17,1650628848972,1.960329,,executor,,,,,,,,
18,1650628849012,1.996343,,executor,,,,,,,,
19,1650628849058,2.048892,,executor,,,,,,,,
20,1650628849106,2.093415,,executor,,,,,,,,
21,1650628849187,2.179319,,executor,,,,,,,,
22,1650628849321,2.313122,,executor,,,,,,,,
23,1650628849389,2.37535,,executor,,,,,,,,
24,1650628849472,2.462905,,executor,,,,,,,,
25,1650628849595,2.585458,,executor,,,,,,,,
26,1650628849682,2.664717,,executor,,,,,,,,
27,1650628849789,2.77476,,executor,,,,,,,,
28,1650628849889,2.878208,,executor,,,,,,,,
29,1650628849994,2.984814,,executor,,,,,,,,
30,1650628850074,3.059201,,executor,,,,,,,,
31,1650628850570,3.555951,,executor,,,,,,,,
32,1650628850572,3.555951,,executor,,,,,,,,
33,1650628850578,3.564086,,executor,,,,,,,,
34,1650628850618,3.600562,,executor,,,,,,,,
35,1650628850820,3.808011,,executor,,,,,,,,
36,1650628850986,3.969582,,executor,,,,,,,,
37,1650628851037,4.028038,,executor,,,,,,,,
38,1650628851039,4.028038,,executor,,,,,,,,
39,1650628851175,4.16479,,executor,,,,,,,,
40,1650628851274,4.255725,,executor,,,,,,,,
41,1650628851360,4.345545,,executor,,,,,,,,
42,1650628851387,4.370308,,executor,,,,,,,,
43,1650628851435,4.425864,,executor,,,,,,,,
44,1650628851504,4.48821,,executor,,,,,,,,
45,1650628851591,4.580744,,executor,,,,,,,,
46,1650628851696,4.686233,,executor,,,,,,,,
47,1650628851761,4.746035,,executor,,,,,,,,
48,1650628852173,5.155377,,executor,,,,,,,,
49,1650628852280,5.263827,,executor,,,,,,,,
50,1650628852283,5.263827,,executor,,,,,,,,
51,1650628852318,5.300221,,executor,,,,,,,,
52,1650628852357,5.346018,,executor,,,,,,,,
53,1650628852485,5.474896,,executor,,,,,,,,
54,1650628852499,5.487163,,executor,,,,,,,,
55,1650628852604,5.593575,,executor,,,,,,,,
56,1650628852701,5.682497,,executor,,,,,,,,
57,1650628852767,5.75525,,executor,,,,,,,,
58,1650628853154,6.142478,,executor,,,,,,,,
59,1650628853155,6.142478,,executor,,,,,,,,
60,1650628853235,6.217875,,executor,,,,,,,,
61,1650628853284,6.271879,,executor,,,,,,,,
62,1650628853303,6.290798,,executor,,,,,,,,
63,1650628853496,6.477339,,executor,,,,,,,,
64,1650628853541,6.529191,,executor,,,,,,,,
65,1650628853585,6.569462,,executor,,,,,,,,
66,1650628853690,6.677645,,executor,,,,,,,,
67,1650628853803,6.792356,,executor,,,,,,,,
68,1650628853997,6.9814,,executor,,,,,,,,
69,1650628853997,6.9814,,executor,,,,,,,,
70,1650628854208,7.194741,,executor,,,,,,,,
71,1650628854300,7.281485,,executor,,,,,,,,
72,1650628854403,7.38571,,executor,,,,,,,,
73,1650628854595,7584,,executor,,,,,,,,
74,1650628854636,7.620403,,executor,,,,,,,,
75,1650628854729,7.717112,,executor,,,,,,,,
76,1650628854882,7.868428,,executor,,,,,,,,
77,1650628854997,7.985177,,executor,,,,,,,,
78,1650628855173,8.155654,,executor,,,,,,,,
79,1650628855200,8.18167,,executor,,,,,,,,
80,1650628855292,8.276978,,executor,,,,,,,,
81,1650628855397,8.384875,,executor,,,,,,,,
82,1650628855423,8.407314,,executor,,,,,,,,
83,1650628855475,8.455495,,executor,,,,,,,,
84,1650628855594,8.575872,,executor,,,,,,,,
85,1650628855676,8.660789,,executor,,,,,,,,
86,1650628855794,8.780365,,executor,,,,,,,,
87,1650628855871,8.851251,,executor,,,,,,,,
88,1650628856178,9.164944,,executor,,,,,,,,
89,1650628856217,9.201175,,executor,,,,,,,,
90,1650628856253,9.233257,,executor,,,,,,,,
91,1650628856363,9.34612,,executor,,,,,,,,
92,1650628856367,9.348547,,executor,,,,,,,,
93,1650628856700,9.686828,,executor,,,,,,,,
94,1650628856703,9.686828,,executor,,,,,,,,
95,1650628856816,9.804155,,executor,,,,,,,,
96,1650628856908,9.888585,,executor,,,,,,,,
97,1650628857063,10.04287,,executor,,,,,,,,
98,1650628857071,10.059345,,executor,,,,,,,,
99,1650628857521,10.504743,,executor,,,,,,,,
100,1650628857565,10.504743,,executor,,,,,,,,
101,1650628857568,10.548603,,executor,,,,,,,,
102,1650628857605,10.592906,,executor,,,,,,,,
103,1650628857742,10.729236,,executor,,,,,,,,
104,1650628857767,10.752223,,executor,,,,,,,,
105,1650628857771,10.756266,,executor,,,,,,,,
106,1650628857903,10.886827,,executor,,,,,,,,
107,1650628858079,11.060853,,executor,,,,,,,,
108,1650628858104,11.083526,,executor,,,,,,,,
109,1650628858336,11.317599,,executor,,,,,,,,
110,1650628858454,11.43767,,executor,,,,,,,,
111,1650628858477,11.458821,,executor,,,,,,,,
112,1650628858485,11.464769,,executor,,,,,,,,
113,1650628858705,11.688969,,executor,,,,,,,,
114,1650628858749,11.728859,,executor,,,,,,,,
115,1650628858793,11.779716,,executor,,,,,,,,
116,1650628858898,11.876809,,executor,,,,,,,,
117,1650628859041,12.030601,,executor,,,,,,,,
118,1650628859086,12.071889,,executor,,,,,,,,
119,1650628859199,12.184117,,executor,,,,,,,,
120,1650628859484,12.467903,,executor,,,,,,,,
121,1650628859613,12.597949,,executor,,,,,,,,
122,1650628859682,12.661237,,executor,,,,,,,,
123,1650628859767,12.748819,,executor,,,,,,,,
124,1650628859792,12.772146,,executor,,,,,,,,
125,1650628859803,12.783238,,executor,,,,,,,,
126,1650628859978,12.964532,,executor,,,,,,,,
127,1650628859997,12.981687,,executor,,,,,,,,
128,1650628860303,13.284564,,executor,,,,,,,,
129,1650628860319,13.297851,,executor,,,,,,,,
130,1650628860481,13.459279,,executor,,,,,,,,
131,1650628860698,13.678827,,executor,,,,,,,,
132,1650628860702,13.678827,,executor,,,,,,,,
133,1650628860721,13.700098,,executor,,,,,,,,
134,1650628860755,13.743194,,executor,,,,,,,,
135,1650628860896,13.883162,,executor,,,,,,,,
136,1650628860916,13.900779,,executor,,,,,,,,
137,1650628861012,13.998273,,executor,,,,,,,,
138,1650628861091,14.071261,,executor,,,,,,,,
139,1650628861451,14.435003,,executor,,,,,,,,
140,1650628861453,14.435003,,executor,,,,,,,,
141,1650628861478,14.460332,,executor,,,,,,,,
142,1650628861506,14.484262,,executor,,,,,,,,
143,1650628861589,14.572692,,executor,,,,,,,,
144,1650628861691,14.675681,,executor,,,,,,,,
145,1650628861763,14.742495,,executor,,,,,,,,
146,1650628861902,14.880765,,executor,,,,,,,,
147,1650628861977,14.960297,,executor,,,,,,,,
148,1650628862095,15.079026,,executor,,,,,,,,
149,1650628862319,15.306256,,executor,,,,,,,,
150,1650628862380,15.362982,,executor,,,,,,,,
151,1650628862399,15.380372,,executor,,,,,,,,
152,1650628862518,15.501084,,executor,,,,,,,,
153,1650628862586,15.573515,,executor,,,,,,,,
154,1650628862720,15.706659,,executor,,,,,,,,
155,1650628862893,15.87752,,executor,,,,,,,,
156,1650628863029,16.012474,,executor,,,,,,,,
157,1650628863150,16.132927,,executor,,,,,,,,
158,1650628863186,16.167006,,executor,,,,,,,,
159,1650628863289,16.27316,,executor,,,,,,,,
160,1650628863365,16.351996,,executor,,,,,,,,
161,1650628863499,16.485779,,executor,,,,,,,,
162,1650628863562,16.544657,,executor,,,,,,,,
163,1650628863981,16.961181,,executor,,,,,,,,
164,1650628863983,16.961181,,executor,,,,,,,,
165,1650628864000,16.978463,,executor,,,,,,,,
166,1650628864003,16.981754,,executor,,,,,,,,
167,1650628864155,17.141786,,executor,,,,,,,,
168,1650628864310,17.295282,,executor,,,,,,,,
169,1650628864350,17.332189,,executor,,,,,,,,
170,1650628864595,17.57908,,executor,,,,,,,,
171,1650628864651,17.63028,,executor,,,,,,,,
172,1650628864749,17.730328,,executor,,,,,,,,
173,1650628864751,17.730328,,executor,,,,,,,,
174,1650628864789,17.766747,,executor,,,,,,,,
175,1650628864894,17.87308,,executor,,,,,,,,
176,1650628864964,17.947771,,executor,,,,,,,,
177,1650628865301,18.280101,,executor,,,,,,,,
178,1650628865411,18.391457,,executor,,,,,,,,
179,1650628865413,18.391457,,executor,,,,,,,,
180,1650628865586,18.563833,,executor,,,,,,,,
181,1650628865598,18.584024,,executor,,,,,,,,
182,1650628865693,18.671382,,executor,,,,,,,,
183,1650628865779,18.760861,,executor,,,,,,,,
184,1650628865902,18.885719,,executor,,,,,,,,
185,1650628866002,18.988026,,executor,,,,,,,,
186,1650628866108,19.084498,,executor,,,,,,,,
187,1650628866297,19.279869,,executor,,,,,,,,
188,1650628866299,19.282248,,executor,,,,,,,,
189,1650628866498,19.476767,,executor,,,,,,,,
190,1650628866524,19.509761,,executor,,,,,,,,
191,1650628866640,19.627057,,executor,,,,,,,,
192,1650628866789,19.775185,,executor,,,,,,,,
193,1650628866795,19.780981,,executor,,,,,,,,
194,1650628866875,19.853586,,executor,,,,,,,,
195,1650628867002,19.981947,,executor,,,,,,,,
196,1650628867160,20.136784,,executor,,,,,,,,
197,1650628867314,20.299569,,executor,,,,,,,,
198,1650628867490,20.472299,,executor,,,,,,,,
199,1650628867572,20.557996,,executor,,,,,,,,
200,1650628867668,20.646042,,executor,,,,,,,,
201,1650628867695,20.67097,,executor,,,,,,,,
202,1650628867706,20.690797,,executor,,,,,,,,
203,1650628867779,20.758569,,executor,,,,,,,,
204,1650628867884,20.866767,,executor,,,,,,,,
205,1650628867994,20.977825,,executor,,,,,,,,
206,1650628868067,21.045089,,executor,,,,,,,,
207,1650628868462,21.439975,,executor,,,,,,,,
208,1650628868466,21.439975,,executor,,,,,,,,
209,1650628868558,21.538963,,executor,,,,,,,,
210,1650628868580,21.559622,,executor,,,,,,,,
211,1650628868705,21.68496,,executor,,,,,,,,
212,1650628868849,21.826771,,executor,,,,,,,,
213,1650628869024,22.009805,,executor,,,,,,,,
214,1650628869025,22.009805,,executor,,,,,,,,
215,1650628869156,22.140715,,executor,,,,,,,,
216,1650628869160,22.145034,,executor,,,,,,,,
217,1650628869330,22.312883,,executor,,,,,,,,
218,1650628869401,22.378071,,executor,,,,,,,,
219,1650628869408,22.393677,,executor,,,,,,,,
220,1650628869484,22.463492,,executor,,,,,,,,
221,1650628869586,22.569214,,executor,,,,,,,,
222,1650628869982,22.962352,,executor,,,,,,,,
223,1650628870104,22.962352,,executor,,,,,,,,
224,1650628870120,23.100252,,executor,,,,,,,,
225,1650628870167,23.143433,,executor,,,,,,,,
226,1650628870297,23.275047,,executor,,,,,,,,
227,1650628870304,23.279367,,executor,,,,,,,,
228,1650628870408,23.386716,,executor,,,,,,,,
229,1650628870502,23.484138,,executor,,,,,,,,
230,1650628870650,23.631122,,executor,,,,,,,,
231,1650628870723,23.698536,,executor,,,,,,,,
232,1650628870824,23.800406,,executor,,,,,,,,
233,1650628871025,24.007537,,executor,,,,,,,,
234,1650628871151,24.133388,,executor,,,,,,,,
235,1650628871237,24.22234,,executor,,,,,,,,
236,1650628871255,24.240418,,executor,,,,,,,,
237,1650628871539,24.522996,,executor,,,,,,,,
238,1650628871546,24.527922,,executor,,,,,,,,
239,1650628871755,24.729967,,executor,,,,,,,,
240,1650628871802,24.784677,,executor,,,,,,,,
241,1650628871852,24.830554,,executor,,,,,,,,
242,1650628871971,24.950452,,executor,,,,,,,,
243,1650628871979,24.958998,,executor,,,,,,,,
244,1650628872228,25.208532,,executor,,,,,,,,
245,1650628872373,25.353233,,executor,,,,,,,,
246,1650628872417,25.393221,,executor,,,,,,,,
247,1650628872449,25.431524,,executor,,,,,,,,
248,1650628872583,25.565146,,executor,,,,,,,,
249,1650628872591,25.573595,,executor,,,,,,,,
250,1650628872922,25.899034,,executor,,,,,,,,
251,1650628873057,25.899034,,executor,,,,,,,,
252,1650628873083,26.068137,,executor,,,,,,,,
253,1650628873199,26.174669,,executor,,,,,,,,
254,1650628873229,26.211667,,executor,,,,,,,,
255,1650628873380,26.361984,,executor,,,,,,,,
256,1650628873577,26.554608,,executor,,,,,,,,
257,1650628873594,26.56927,,executor,,,,,,,,
258,1650628873634,26.61697,,executor,,,,,,,,
259,1650628873750,26.733863,,executor,,,,,,,,
260,1650628873776,26.757713,,executor,,,,,,,,
261,1650628874038,27.020252,,executor,,,,,,,,
262,1650628874106,27.082014,,executor,,,,,,,,
263,1650628874187,27.166215,,executor,,,,,,,,
264,1650628874231,27.20659,,executor,,,,,,,,
265,1650628874288,27.270068,,executor,,,,,,,,
266,1650628874417,27.39885,,executor,,,,,,,,
267,1650628874494,27.469884,,executor,,,,,,,,
268,1650628874963,27.94363,,executor,,,,,,,,
269,1650628874964,27.94363,,executor,,,,,,,,
270,1650628874967,27.948138,,executor,,,,,,,,
271,1650628875014,27.989781,,executor,,,,,,,,
272,1650628875102,28.082411,,executor,,,,,,,,
273,1650628875107,28.087129,,executor,,,,,,,,
274,1650628875252,28.231571,,executor,,,,,,,,
275,1650628875402,28.378899,,executor,,,,,,,,
276,1650628875583,28.565698,,executor,,,,,,,,
277,1650628875726,28.708639,,executor,,,,,,,,
278,1650628875798,28.773813,,executor,,,,,,,,
279,1650628875853,28.836392,,executor,,,,,,,,
280,1650628875881,28.862896,,executor,,,,,,,,
281,1650628875889,28.868789,,executor,,,,,,,,
282,1650628875960,28.933838,,executor,,,,,,,,
283,1650628876119,29.100963,,executor,,,,,,,,
284,1650628876274,29.255049,,executor,,,,,,,,
285,1650628876359,29.333259,,executor,,,,,,,,
286,1650628876471,29.446541,,executor,,,,,,,,
287,1650628876479,29.454446,,executor,,,,,,,,
288,1650628876743,29.716344,,executor,,,,,,,,
289,1650628876779,29.761253,,executor,,,,,,,,
290,1650628876798,29.779059,,executor,,,,,,,,
291,1650628876903,29.884443,,executor,,,,,,,,
292,1650628877049,30.03054,,executor,,,,,,,,
293,1650628877225,30.202095,,executor,,,,,,,,
294,1650628877358,30.33647,,executor,,,,,,,,
295,1650628877383,30.359524,,executor,,,,,,,,
296,1650628877398,30.37255,,executor,,,,,,,,
297,1650628877500,30.476639,,executor,,,,,,,,
298,1650628877582,30.562512,,executor,,,,,,,,
299,1650628877793,30.767475,,executor,,,,,,,,
300,1650628877801,30.774843,,executor,,,,,,,,
301,1650628877900,30.875146,,executor,,,,,,,,
302,1650628878003,30.981282,,executor,,,,,,,,
303,1650628878165,31.14057,,executor,,,,,,,,
304,1650628878221,31.203847,,executor,,,,,,,,
305,1650628878308,31.282726,,executor,,,,,,,,
306,1650628878486,31.46727,,executor,,,,,,,,
307,1650628878490,31.471481,,executor,,,,,,,,
308,1650628878729,31.702202,,executor,,,,,,,,
309,1650628878854,31.836474,,executor,,,,,,,,
310,1650628878872,31.853344,,executor,,,,,,,,
311,1650628878880,31.861518,,executor,,,,,,,,
312,1650628879098,32.072884,,executor,,,,,,,,
313,1650628879108,32.082427,,executor,,,,,,,,
314,1650628879369,32.341747,,executor,,,,,,,,
315,1650628879433,32.411577,,executor,,,,,,,,
316,1650628879495,32.469533,,executor,,,,,,,,
317,1650628879578,32.555207,,executor,,,,,,,,
318,1650628879780,32.75236,,executor,,,,,,,,
319,1650628879849,32.826882,,executor,,,,,,,,
320,1650628879893,32.866702,,executor,,,,,,,,
321,1650628879923,32.903816,,executor,,,,,,,,
322,1650628880060,33.042008,,executor,,,,,,,,
323,1650628880101,33.079313,,executor,,,,,,,,
324,1650628880234,33.211577,,executor,,,,,,,,
325,1650628880265,33.241268,,executor,,,,,,,,
326,1650628880599,33.580318,,executor,,,,,,,,
327,1650628880716,33.696331,,executor,,,,,,,,
328,1650628880755,33.733581,,executor,,,,,,,,
329,1650628880787,33.76187,,executor,,,,,,,,
330,1650628880799,33.773922,,executor,,,,,,,,
331,1650628880892,33.870215,,executor,,,,,,,,
332,1650628881004,33.983058,,executor,,,,,,,,
333,1650628881125,34.10511,,executor,,,,,,,,
334,1650628881251,34.231223,,executor,,,,,,,,
335,1650628881325,34.299026,,executor,,,,,,,,
336,1650628881385,34.364141,,executor,,,,,,,,
337,1650628881488,34.470423,,executor,,,,,,,,
338,1650628881690,34.666018,,executor,,,,,,,,
339,1650628881691,34.666018,,executor,,,,,,,,
340,1650628881925,34.902712,,executor,,,,,,,,
341,1650628882333,35.310768,,executor,,,,,,,,
342,1650628882338,35.310768,,executor,,,,,,,,
343,1650628882398,35.370076,,executor,,,,,,,,
344,1650628882497,35.470221,,executor,,,,,,,,
345,1650628882511,35.484551,,executor,,,,,,,,
346,1650628882561,35.541231,,executor,,,,,,,,
347,1650628882588,35.566148,,executor,,,,,,,,
348,1650628882759,35.734802,,executor,,,,,,,,
349,1650628882779,35.752582,,executor,,,,,,,,
350,1650628882895,35.869742,,executor,,,,,,,,
351,1650628882990,35.96608,,executor,,,,,,,,
352,1650628883075,36.056077,,executor,,,,,,,,
353,1650628883158,36.131666,,executor,,,,,,,,
354,1650628883292,36.264887,,executor,,,,,,,,
355,1650628883491,36.470553,,executor,,,,,,,,
356,1650628883502,36.479683,,executor,,,,,,,,
357,1650628883582,36.553747,,executor,,,,,,,,
358,1650628883660,36.636505,,executor,,,,,,,,
359,1650628883810,36.783913,,executor,,,,,,,,
360,1650628883905,36.88201,,executor,,,,,,,,
361,1650628884113,37.094246,,executor,,,,,,,,
362,1650628884190,37.165381,,executor,,,,,,,,
363,1650628884274,37.25264,,executor,,,,,,,,
364,1650628884530,37.509287,,executor,,,,,,,,
365,1650628884579,37.554397,,executor,,,,,,,,
366,1650628884675,37.653396,,executor,,,,,,,,
367,1650628884703,37.679893,,executor,,,,,,,,
368,1650628884790,37.769377,,executor,,,,,,,,
369,1650628884917,37.896066,,executor,,,,,,,,
370,1650628885162,38.133003,,executor,,,,,,,,
371,1650628885280,38.251803,,executor,,,,,,,,
372,1650628885378,38.351152,,executor,,,,,,,,
373,1650628885452,38.431935,,executor,,,,,,,,
374,1650628885537,38.509124,,executor,,,,,,,,
375,1650628885603,38.580798,,executor,,,,,,,,
376,1650628885678,38.649927,,executor,,,,,,,,
377,1650628885793,38.766309,,executor,,,,,,,,
378,1650628885804,38.774994,,executor,,,,,,,,
379,1650628885809,38.780364,,executor,,,,,,,,
380,1650628886195,39.165745,,executor,,,,,,,,
381,1650628886195,39.165745,,executor,,,,,,,,
382,1650628886207,39.178343,,executor,,,,,,,,
383,1650628886449,39.420412,,executor,,,,,,,,
384,1650628886595,39.565956,,executor,,,,,,,,
385,1650628886726,39.697809,,executor,,,,,,,,
386,1650628886792,39.769434,,executor,,,,,,,,
387,1650628886918,39.896265,,executor,,,,,,,,
388,1650628886995,39.96584,,executor,,,,,,,,
389,1650628887086,40.060134,,executor,,,,,,,,
390,1650628887131,40.111726,,executor,,,,,,,,
391,1650628887388,40.358125,,executor,,,,,,,,
392,1650628887419,40.398623,,executor,,,,,,,,
393,1650628887482,40.456038,,executor,,,,,,,,
394,1650628887535,40.51556,,executor,,,,,,,,
395,1650628887595,40.570085,,executor,,,,,,,,
396,1650628887884,40.857539,,executor,,,,,,,,
397,1650628887957,40.934006,,executor,,,,,,,,
398,1650628888086,41.062668,,executor,,,,,,,,
399,1650628888092,41.069176,,executor,,,,,,,,
400,1650628888376,41.351809,,executor,,,,,,,,
401,1650628888389,41.364073,,executor,,,,,,,,
402,1650628888460,41.439781,,executor,,,,,,,,
403,1650628888728,41.705702,,executor,,,,,,,,
404,1650628888791,41.763053,,executor,,,,,,,,
405,1650628888857,41.836907,,executor,,,,,,,,
406,1650628888884,41.860853,,executor,,,,,,,,
407,1650628889002,41.980292,,executor,,,,,,,,
408,1650628889195,42.16737,,executor,,,,,,,,
409,1650628889237,42.207222,,executor,,,,,,,,
410,1650628889572,42.546301,,executor,,,,,,,,
411,1650628889650,42.6276,,executor,,,,,,,,
412,1650628889722,42.692802,,executor,,,,,,,,
413,1650628889799,42.775631,,executor,,,,,,,,
414,1650628889868,42.840138,,executor,,,,,,,,
415,1650628889912,42.889052,,executor,,,,,,,,
416,1650628889985,42.957123,,executor,,,,,,,,
417,1650628890024,43.002361,,executor,,,,,,,,
418,1650628890311,43.287985,,executor,,,,,,,,
419,1650628890407,43.376564,,executor,,,,,,,,
420,1650628890577,43.55426,,executor,,,,,,,,
421,1650628890589,43.565208,,executor,,,,,,,,
422,1650628890650,43.622729,,executor,,,,,,,,
423,1650628890947,43.926506,,executor,,,,,,,,
424,1650628891006,43.980262,,executor,,,,,,,,
425,1650628891057,44.027242,,executor,,,,,,,,
426,1650628891112,44.08902,,executor,,,,,,,,
427,1650628891244,44.220322,,executor,,,,,,,,
428,1650628891405,44.379275,,executor,,,,,,,,
429,1650628891446,44.415656,,executor,,,,,,,,
430,1650628891486,44.464808,,executor,,,,,,,,
431,1650628891653,44.629224,,executor,,,,,,,,
432,1650628891700,44.670401,,executor,,,,,,,,
433,1650628891713,44.683702,,executor,,,,,,,,
434,1650628891990,44.958977,,executor,,,,,,,,
435,1650628892010,44.987788,,executor,,,,,,,,
436,1650628892046,45.021825,,executor,,,,,,,,
437,1650628892103,45.073269,,executor,,,,,,,,
438,1650628892441,45.415323,,executor,,,,,,,,
439,1650628892514,45.492753,,executor,,,,,,,,
440,1650628892607,45.578606,,executor,,,,,,,,
441,1650628892672,45.650255,,executor,,,,,,,,
442,1650628892798,45.775037,,executor,,,,,,,,
443,1650628892876,45.847872,,executor,,,,,,,,
444,1650628892948,45.925047,,executor,,,,,,,,
445,1650628893055,46.033348,,executor,,,,,,,,
446,1650628893109,46.083372,,executor,,,,,,,,
447,1650628893297,46.266209,,executor,,,,,,,,
448,1650628893443,46.420954,,executor,,,,,,,,
449,1650628893534,46.503845,,executor,,,,,,,,
450,1650628893672,46.640756,,executor,,,,,,,,
451,1650628893714,46.692025,,executor,,,,,,,,
452,1650628893852,46.829286,,executor,,,,,,,,
453,1650628894026,46.998505,,executor,,,,,,,,
454,1650628894090,47.057984,,executor,,,,,,,,
455,1650628894225,47.193334,,executor,,,,,,,,
456,1650628894288,47.261152,,executor,,,,,,,,
457,1650628894414,47.387749,,executor,,,,,,,,
458,1650628894461,47.43133,,executor,,,,,,,,
459,1650628894618,47.584875,,executor,,,,,,,,
460,1650628894658,47.632372,,executor,,,,,,,,
461,1650628894800,47.773744,,executor,,,,,,,,
462,1650628894943,47.916527,,executor,,,,,,,,
463,1650628895009,47.97738,,executor,,,,,,,,
464,1650628895108,48.079035,,executor,,,,,,,,
465,1650628895191,48.165434,,executor,,,,,,,,
466,1650628895268,48.235758,,executor,,,,,,,,
467,1650628895400,48.366924,,executor,,,,,,,,
468,1650628895461,48.433991,,executor,,,,,,,,
469,1650628895464,48.433991,,executor,,,,,,,,
470,1650628895500,48.471206,,executor,,,,,,,,
471,1650628895599,48.571118,,executor,,,,,,,,
472,1650628895800,48.767698,,executor,,,,,,,,
473,1650628895806,48.774001,,executor,,,,,,,,
474,1650628895900,48.871523,,executor,,,,,,,,
475,1650628896007,48.97912,,executor,,,,,,,,
476,1650628896085,49.062147,,executor,,,,,,,,
477,1650628896187,49.154769,,executor,,,,,,,,
478,1650628896309,49.278096,,executor,,,,,,,,
479,1650628896398,49.369824,,executor,,,,,,,,
480,1650628896487,49.4622,,executor,,,,,,,,
481,1650628896597,49.57575,,executor,,,,,,,,
482,1650628896688,49.658539,,executor,,,,,,,,
483,1650628896792,49.763824,,executor,,,,,,,,
484,1650628896889,49.864322,,executor,,,,,,,,
485,1650628896990,49.968262,,executor,,,,,,,,
486,1650628897075,50.045233,,executor,,,,,,,,
487,1650628897208,50.178123,,executor,,,,,,,,
488,1650628897301,50.273588,,executor,,,,,,,,
489,1650628897407,50.38281,,executor,,,,,,,,
490,1650628897497,50.465346,,executor,,,,,,,,
491,1650628897590,50.561238,,executor,,,,,,,,
492,1650628897784,50.761273,,executor,,,,,,,,
493,1650628897796,50.771929,,executor,,,,,,,,
494,1650628897988,50.959431,,executor,,,,,,,,
495,1650628898006,50.975709,,executor,,,,,,,,
496,1650628898282,51.249707,,executor,,,,,,,,
497,1650628898369,51.340539,,executor,,,,,,,,
498,1650628898461,51.435614,,executor,,,,,,,,
499,1650628898561,51.538221,,executor,,,,,,,,
500,1650628898705,51.68146,,executor,,,,,,,,
501,1650628898786,51.755109,,executor,,,,,,,,
502,1650628898827,51.794497,,executor,,,,,,,,
503,1650628898858,51.83228,,executor,,,,,,,,
504,1650628898973,51.948092,,executor,,,,,,,,
505,1650628898973,51.948092,,executor,,,,,,,,
506,1650628899184,52.152887,,executor,,,,,,,,
507,1650628899196,52.164691,,executor,,,,,,,,
508,1650628899412,52.383775,,executor,,,,,,,,
509,1650628899438,52.408199,,executor,,,,,,,,
510,1650628899564,52.535324,,executor,,,,,,,,
511,1650628899581,52.549961,,executor,,,,,,,,
512,1650628899700,52.670315,,executor,,,,,,,,
513,1650628899885,52.861572,,executor,,,,,,,,
514,1650628899991,52.959809,,executor,,,,,,,,
515,1650628899999,52.977511,,executor,,,,,,,,
516,1650628900276,53.252453,,executor,,,,,,,,
517,1650628900305,53.280246,,executor,,,,,,,,
518,1650628900349,53.319545,,executor,,,,,,,,
519,1650628900390,53.368085,,executor,,,,,,,,
520,1650628900494,53.464932,,executor,,,,,,,,
521,1650628900578,53.551304,,executor,,,,,,,,
522,1650628900698,53.67287,,executor,,,,,,,,
523,1650628900896,53.864284,,executor,,,,,,,,
524,1650628900901,53.86891,,executor,,,,,,,,
525,1650628901194,54.1714,,executor,,,,,,,,
526,1650628901291,54.258827,,executor,,,,,,,,
527,1650628901307,54.274003,,executor,,,,,,,,
528,1650628901362,54.335791,,executor,,,,,,,,
529,1650628901639,54.610204,,executor,,,,,,,,
530,1650628901710,54.686476,,executor,,,,,,,,
531,1650628901811,54.779367,,executor,,,,,,,,
532,1650628901912,54.883134,,executor,,,,,,,,
533,1650628901981,54.957439,,executor,,,,,,,,
534,1650628902212,55.180116,,executor,,,,,,,,
535,1650628902298,55.269308,,executor,,,,,,,,
536,1650628902408,55.380829,,executor,,,,,,,,
537,1650628902512,55.487494,,executor,,,,,,,,
538,1650628902517,55.487494,,executor,,,,,,,,
539,1650628902669,55.641754,,executor,,,,,,,,
540,1650628902860,55.828734,,executor,,,,,,,,
541,1650628903003,55.970817,,executor,,,,,,,,
542,1650628903034,55.970817,,executor,,,,,,,,
543,1650628903060,56.033371,,executor,,,,,,,,
544,1650628903283,56.249318,,executor,,,,,,,,
545,1650628903391,56.358407,,executor,,,,,,,,
546,1650628903411,56.387256,,executor,,,,,,,,
547,1650628903629,56.598749,,executor,,,,,,,,
548,1650628903713,56.685951,,executor,,,,,,,,
549,1650628903779,56.746289,,executor,,,,,,,,
550,1650628903841,56.815781,,executor,,,,,,,,
551,1650628903900,56.869062,,executor,,,,,,,,
552,1650628903986,56.95766,,executor,,,,,,,,
553,1650628904196,57.172475,,executor,,,,,,,,
554,1650628904242,57.214087,,executor,,,,,,,,
555,1650628904389,57.360602,,executor,,,,,,,,
556,1650628904466,57.43234,,executor,,,,,,,,
557,1650628904589,57.556225,,executor,,,,,,,,
558,1650628904655,57.626868,,executor,,,,,,,,
559,1650628904788,57.760084,,executor,,,,,,,,
560,1650628904907,57.879739,,executor,,,,,,,,
561,1650628904924,57.894815,,executor,,,,,,,,
562,1650628904963,57.930036,,executor,,,,,,,,
563,1650628905098,58.064717,,executor,,,,,,,,
564,1650628905106,58.072665,,executor,,,,,,,,
565,1650628905356,58.320819,,executor,,,,,,,,
566,1650628905412,58.385813,,executor,,,,,,,,
567,1650628905452,58.422468,,executor,,,,,,,,
568,1650628905549,58.521672,,executor,,,,,,,,
569,1650628905602,58.571233,,executor,,,,,,,,
570,1650628905788,58.763726,,executor,,,,,,,,
571,1650628905794,58.767938,,executor,,,,,,,,
572,1650628905895,58.861066,,executor,,,,,,,,
573,1650628906147,59.113726,,executor,,,,,,,,
574,1650628906229,59.200773,,executor,,,,,,,,
575,1650628906295,59.260835,,executor,,,,,,,,
576,1650628906410,59.376179,,executor,,,,,,,,
577,1650628906655,59.622423,,executor,,,,,,,,
578,1650628906739,59.711103,,executor,,,,,,,,
579,1650628906744,59.711103,,executor,,,,,,,,
580,1650628907090,60.055069,,executor,,,,,,,,
581,1650628907376,60.348153,,executor,,,,,,,,
582,1650628907379,60.348153,,executor,,,,,,,,
583,1650628907575,60.542776,,executor,,,,,,,,
584,1650628907600,60.566147,,executor,,,,,,,,
585,1650628907715,60.682508,,executor,,,,,,,,
586,1650628907716,60.682508,,executor,,,,,,,,
587,1650628907717,60.682508,,executor,,,,,,,,
588,1650628907849,60.815989,,executor,,,,,,,,
589,1650628907851,60.815989,,executor,,,,,,,,
590,1650628907973,60.940337,,executor,,,,,,,,
591,1650628908032,61.005205,,executor,,,,,,,,
592,1650628908117,61.083752,,executor,,,,,,,,
593,1650628908175,61.147458,,executor,,,,,,,,
594,1650628908250,61.216366,,executor,,,,,,,,
595,1650628908290,61.26304,,executor,,,,,,,,
596,1650628908376,61.342325,,executor,,,,,,,,
597,1650628908561,61.532776,,executor,,,,,,,,
598,1650628908569,61.541401,,executor,,,,,,,,
599,1650628908750,61.717688,,executor,,,,,,,,
600,1650628908768,61.733111,,executor,,,,,,,,
601,1650628908880,61.849191,,executor,,,,,,,,
602,1650628909005,61.972452,,executor,,,,,,,,
603,1650628909232,62.204379,,executor,,,,,,,,
604,1650628909282,62.249305,,executor,,,,,,,,
605,1650628909286,62.252845,,executor,,,,,,,,
606,1650628909463,62.427047,,executor,,,,,,,,
607,1650628909470,62.442802,,executor,,,,,,,,
608,1650628909603,62.576568,,executor,,,,,,,,
609,1650628909677,62.643822,,executor,,,,,,,,
610,1650628909799,62.766717,,executor,,,,,,,,
611,1650628909882,62.854315,,executor,,,,,,,,
612,1650628909975,62.939994,,executor,,,,,,,,
613,1650628910257,63.229453,,executor,,,,,,,,
614,1650628910281,63.251838,,executor,,,,,,,,
615,1650628910289,63.259746,,executor,,,,,,,,
616,1650628910403,63.375332,,executor,,,,,,,,
617,1650628910477,63.443071,,executor,,,,,,,,
618,1650628910563,63.532112,,executor,,,,,,,,
619,1650628910689,63.653997,,executor,,,,,,,,
620,1650628910891,63.855008,,executor,,,,,,,,
621,1650628911062,64.033956,,executor,,,,,,,,
622,1650628911072,64.042675,,executor,,,,,,,,
623,1650628911191,64.163127,,executor,,,,,,,,
624,1650628911271,64.23718,,executor,,,,,,,,
625,1650628911375,64.342472,,executor,,,,,,,,
626,1650628911688,64.651952,,executor,,,,,,,,
627,1650628911768,64.735813,,executor,,,,,,,,
628,1650628911882,64.850178,,executor,,,,,,,,
629,1650628911890,64.858623,,executor,,,,,,,,
630,1650628911962,64.935591,,executor,,,,,,,,
631,1650628912092,65.055432,,executor,,,,,,,,
632,1650628912175,65.142183,,executor,,,,,,,,
633,1650628912256,65.226589,,executor,,,,,,,,
634,1650628912415,65.384011,,executor,,,,,,,,
635,1650628912555,65.523694,,executor,,,,,,,,
636,1650628912564,65.530495,,executor,,,,,,,,
637,1650628912683,65.65117,,executor,,,,,,,,
638,1650628912783,65.753915,,executor,,,,,,,,
639,1650628912880,65.852289,,executor,,,,,,,,
640,1650628912994,65.958945,,executor,,,,,,,,
641,1650628913065,66.034983,,executor,,,,,,,,
642,1650628913362,66.327996,,executor,,,,,,,,
643,1650628913363,66.327996,,executor,,,,,,,,
644,1650628913374,66.338721,,executor,,,,,,,,
645,1650628913610,66.577392,,executor,,,,,,,,
646,1650628913638,66.602753,,executor,,,,,,,,
647,1650628913762,66.728447,,executor,,,,,,,,
648,1650628913778,66.741933,,executor,,,,,,,,
649,1650628913881,66.848689,,executor,,,,,,,,
650,1650628913968,66.938127,,executor,,,,,,,,
651,1650628914075,67.046472,,executor,,,,,,,,
652,1650628914359,67.329353,,executor,,,,,,,,
653,1650628914378,67.346671,,executor,,,,,,,,
654,1650628914385,67.353647,,executor,,,,,,,,
655,1650628914478,67.449158,,executor,,,,,,,,
656,1650628914815,67.779255,,executor,,,,,,,,
657,1650628914816,67.779255,,executor,,,,,,,,
658,1650628914817,67.779255,,executor,,,,,,,,
659,1650628915004,67.974171,,executor,,,,,,,,
660,1650628915045,68.011934,,executor,,,,,,,,
661,1650628915074,68.039058,,executor,,,,,,,,
662,1650628915183,68.149013,,executor,,,,,,,,
663,1650628915273,68.242638,,executor,,,,,,,,
664,1650628915388,68.359868,,executor,,,,,,,,
665,1650628915480,68.442937,,executor,,,,,,,,
666,1650628915654,68.625265,,executor,,,,,,,,
667,1650628915666,68.635471,,executor,,,,,,,,
668,1650628915780,68.752025,,executor,,,,,,,,
669,1650628915870,68.835109,,executor,,,,,,,,
670,1650628916081,69.049879,,executor,,,,,,,,
671,1650628916097,69.063617,,executor,,,,,,,,
672,1650628916190,69.159988,,executor,,,,,,,,
673,1650628916267,69.231712,,executor,,,,,,,,
674,1650628916361,69.328282,,executor,,,,,,,,
675,1650628916494,69.460462,,executor,,,,,,,,
676,1650628916671,69.633657,,executor,,,,,,,,
677,1650628916680,69.64195,,executor,,,,,,,,
678,1650628916786,69.749977,,executor,,,,,,,,
679,1650628916879,69.845673,,executor,,,,,,,,
680,1650628916977,69.946917,,executor,,,,,,,,
681,1650628917070,70.042603,,executor,,,,,,,,
682,1650628917179,70.142913,,executor,,,,,,,,
683,1650628917266,70.23295,,executor,,,,,,,,
684,1650628917392,70.360231,,executor,,,,,,,,
685,1650628917519,70.48774,,executor,,,,,,,,
686,1650628917594,70.556921,,executor,,,,,,,,
687,1650628917662,70.630465,,executor,,,,,,,,
688,1650628917794,70.761938,,executor,,,,,,,,
689,1650628917861,70.833961,,executor,,,,,,,,
690,1650628917982,70.945266,,executor,,,,,,,,
691,1650628918083,71.049045,,executor,,,,,,,,
692,1650628918178,71.145302,,executor,,,,,,,,
693,1650628918404,71.375726,,executor,,,,,,,,
694,1650628918434,71.40165,,executor,,,,,,,,
695,1650628918498,71.461753,,executor,,,,,,,,
696,1650628918576,71.542784,,executor,,,,,,,,
697,1650628918674,71.644497,,executor,,,,,,,,
698,1650628918801,71.770815,,executor,,,,,,,,
699,1650628918876,71.840197,,executor,,,,,,,,
700,1650628918977,71.943627,,executor,,,,,,,,
701,1650628919242,72.20769,,executor,,,,,,,,
702,1650628919271,72.234483,,executor,,,,,,,,
703,1650628919279,72.242671,,executor,,,,,,,,
704,1650628919376,72.342718,,executor,,,,,,,,
705,1650628919484,72.452552,,executor,,,,,,,,
706,1650628919581,72.551906,,executor,,,,,,,,
707,1650628919681,72.645023,,executor,,,,,,,,
708,1650628919774,72.741063,,executor,,,,,,,,
709,1650628919872,72.841636,,executor,,,,,,,,
710,1650628919988,72.959334,,executor,,,,,,,,
711,1650628920069,73.0324,,executor,,,,,,,,
712,1650628920185,73.149465,,executor,,,,,,,,
713,1650628920380,73.350201,,executor,,,,,,,,
714,1650628920388,73.357267,,executor,,,,,,,,
715,1650628920478,73.44159,,executor,,,,,,,,
716,1650628920600,73.561908,,executor,,,,,,,,
717,1650628920862,73.824863,,executor,,,,,,,,
718,1650628920920,73.888325,,executor,,,,,,,,
719,1650628920965,73.929747,,executor,,,,,,,,
720,1650628921069,74.036228,,executor,,,,,,,,
721,1650628921079,74.046388,,executor,,,,,,,,
722,1650628921275,74.246734,,executor,,,,,,,,
723,1650628921287,74.256706,,executor,,,,,,,,
724,1650628921506,74.469081,,executor,,,,,,,,
725,1650628921525,74.4883,,executor,,,,,,,,
726,1650628921775,74.738413,,executor,,,,,,,,
727,1650628921785,74.746868,,executor,,,,,,,,
728,1650628921794,74.755633,,executor,,,,,,,,
729,1650628921885,74.849884,,executor,,,,,,,,
730,1650628921979,74.946848,,executor,,,,,,,,
731,1650628922210,75.18098,,executor,,,,,,,,
732,1650628922256,75.222637,,executor,,,,,,,,
733,1650628922389,75.35475,,executor,,,,,,,,
734,1650628922399,75.36447,,executor,,,,,,,,
735,1650628922483,75.452601,,executor,,,,,,,,
736,1650628922597,75.567431,,executor,,,,,,,,
737,1650628922678,75.641181,,executor,,,,,,,,
738,1650628922904,75.870891,,executor,,,,,,,,
739,1650628922946,75.909796,,executor,,,,,,,,
740,1650628922965,75.927085,,executor,,,,,,,,
741,1650628923086,76.048514,,executor,,,,,,,,
742,1650628923184,76.149782,,executor,,,,,,,,
743,1650628923283,76.25187,,executor,,,,,,,,
744,1650628923381,76.351375,,executor,,,,,,,,
745,1650628923491,76.454114,,executor,,,,,,,,
746,1650628923568,76.533498,,executor,,,,,,,,
747,1650628923683,76.650106,,executor,,,,,,,,
748,1650628923847,76.81082,,executor,,,,,,,,
749,1650628923891,76.853285,,executor,,,,,,,,
750,1650628923962,76.929546,,executor,,,,,,,,
751,1650628924096,77.062313,,executor,,,,,,,,
752,1650628924158,77.118924,,executor,,,,,,,,
753,1650628924258,77.222099,,executor,,,,,,,,
754,1650628924486,77.452536,,executor,,,,,,,,
755,1650628924491,77.45559,,executor,,,,,,,,
756,1650628924666,77.627934,,executor,,,,,,,,
757,1650628924674,77.635844,,executor,,,,,,,,
758,1650628924798,77.759805,,executor,,,,,,,,
759,1650628924857,77.824955,,executor,,,,,,,,
760,1650628924967,77.935933,,executor,,,,,,,,
761,1650628925058,78.020234,,executor,,,,,,,,
762,1650628925261,78.228829,,executor,,,,,,,,
763,1650628925277,78.243428,,executor,,,,,,,,
764,1650628925376,78.345487,,executor,,,,,,,,
765,1650628925546,78.510871,,executor,,,,,,,,
766,1650628925565,78.529538,,executor,,,,,,,,
767,1650628925659,78.624783,,executor,,,,,,,,
768,1650628925782,78.749126,,executor,,,,,,,,
769,1650628925934,78.900853,,executor,,,,,,,,
770,1650628925967,78.929561,,executor,,,,,,,,
771,1650628926103,79.064707,,executor,,,,,,,,
772,1650628926166,79.134262,,executor,,,,,,,,
773,1650628926368,79.330781,,executor,,,,,,,,
774,1650628926377,79.337323,,executor,,,,,,,,
775,1650628926490,79.45346,,executor,,,,,,,,
776,1650628926571,79.537661,,executor,,,,,,,,
777,1650628926673,79.64277,,executor,,,,,,,,
778,1650628926773,79.733544,,executor,,,,,,,,
779,1650628926870,79.833514,,executor,,,,,,,,
780,1650628926959,79.925778,,executor,,,,,,,,
781,1650628927085,80.052311,,executor,,,,,,,,
782,1650628927187,80.14734,,executor,,,,,,,,
783,1650628927301,80.262026,,executor,,,,,,,,
784,1650628927359,80.325055,,executor,,,,,,,,
785,1650628927537,80.500602,,executor,,,,,,,,
786,1650628927565,80.525146,,executor,,,,,,,,
787,1650628927671,80.634538,,executor,,,,,,,,
788,1650628927776,80.739868,,executor,,,,,,,,
789,1650628928013,80.979628,,executor,,,,,,,,
790,1650628928118,81.086539,,executor,,,,,,,,
791,1650628928173,81.137138,,executor,,,,,,,,
792,1650628928205,81.167344,,executor,,,,,,,,
793,1650628928295,81.260403,,executor,,,,,,,,
794,1650628928366,81.325756,,executor,,,,,,,,
795,1650628928550,81.515679,,executor,,,,,,,,
796,1650628928563,81.527396,,executor,,,,,,,,
797,1650628928660,81.627635,,executor,,,,,,,,
798,1650628928996,81.957943,,executor,,,,,,,,
799,1650628929037,82.006089,,executor,,,,,,,,
800,1650628929099,82.062579,,executor,,,,,,,,
801,1650628929125,82.086636,,executor,,,,,,,,
802,1650628929291,82.26082,,executor,,,,,,,,
803,1650628929299,82.266345,,executor,,,,,,,,
804,1650628929376,82.337531,,executor,,,,,,,,
805,1650628929525,82.485473,,executor,,,,,,,,
806,1650628929811,82.770405,,executor,,,,,,,,
807,1650628929811,82.770405,,executor,,,,,,,,
808,1650628929814,82.774326,,executor,,,,,,,,
809,1650628929885,82.848445,,executor,,,,,,,,
810,1650628929973,82.938783,,executor,,,,,,,,
811,1650628930091,83.05827,,executor,,,,,,,,
812,1650628930175,83.136924,,executor,,,,,,,,
813,1650628930301,83.261946,,executor,,,,,,,,
814,1650628930369,83.335099,,executor,,,,,,,,
815,1650628930453,83.413584,,executor,,,,,,,,
816,1650628930685,83.647497,,executor,,,,,,,,
817,1650628930697,83.657288,,executor,,,,,,,,
818,1650628930798,83.761998,,executor,,,,,,,,
819,1650628930962,83.923569,,executor,,,,,,,,
820,1650628930967,83.928351,,executor,,,,,,,,
821,1650628931097,84.057742,,executor,,,,,,,,
822,1650628931185,84.149163,,executor,,,,,,,,
823,1650628931276,84.244829,,executor,,,,,,,,
824,1650628931459,84.422983,,executor,,,,,,,,
825,1650628931464,84.427796,,executor,,,,,,,,
826,1650628931576,84.539225,,executor,,,,,,,,
827,1650628931672,84.639139,,executor,,,,,,,,
828,1650628931867,84.829032,,executor,,,,,,,,
829,1650628931884,84.844092,,executor,,,,,,,,
830,1650628931960,84.925031,,executor,,,,,,,,
831,1650628932075,85.041177,,executor,,,,,,,,
832,1650628932274,85.236158,,executor,,,,,,,,
833,1650628932280,85.240068,,executor,,,,,,,,
834,1650628932373,85.335653,,executor,,,,,,,,
835,1650628932575,85.533452,,executor,,,,,,,,
836,1650628932584,85.551293,,executor,,,,,,,,
837,1650628932678,85.637949,,executor,,,,,,,,
838,1650628932885,85.848757,,executor,,,,,,,,
839,1650628932889,85.852504,,executor,,,,,,,,
840,1650628932961,85.919396,,executor,,,,,,,,
841,1650628933057,86.018481,,executor,,,,,,,,
842,1650628933198,86.15846,,executor,,,,,,,,
843,1650628933376,86.342664,,executor,,,,,,,,
844,1650628933384,86.350686,,executor,,,,,,,,
845,1650628933474,86.442599,,executor,,,,,,,,
846,1650628933566,86.528636,,executor,,,,,,,,
847,1650628933812,86.774865,,executor,,,,,,,,
848,1650628933839,86.800599,,executor,,,,,,,,
849,1650628933893,86.860904,,executor,,,,,,,,
850,1650628933963,86.924394,,executor,,,,,,,,
851,1650628934082,87.045555,,executor,,,,,,,,
852,1650628934181,87.145748,,executor,,,,,,,,
853,1650628934278,87.246392,,executor,,,,,,,,
854,1650628934380,87.340624,,executor,,,,,,,,
855,1650628934475,87.438394,,executor,,,,,,,,
856,1650628934565,87.531584,,executor,,,,,,,,
857,1650628934678,87.645951,,executor,,,,,,,,
858,1650628934768,87.72805,,executor,,,,,,,,
859,1650628934882,87.843398,,executor,,,,,,,,
860,1650628934965,87.930782,,executor,,,,,,,,
861,1650628935079,88.046249,,executor,,,,,,,,
862,1650628935284,88.245078,,executor,,,,,,,,
863,1650628935289,88.25064,,executor,,,,,,,,
864,1650628935461,88.428607,,executor,,,,,,,,
865,1650628935469,88.436003,,executor,,,,,,,,
866,1650628935575,88.533329,,executor,,,,,,,,
867,1650628935689,88.647778,,executor,,,,,,,,
868,1650628935904,88.867167,,executor,,,,,,,,
869,1650628935934,88.895534,,executor,,,,,,,,
870,1650628935994,88.960834,,executor,,,,,,,,
871,1650628936066,89.026792,,executor,,,,,,,,
872,1650628936177,89.139021,,executor,,,,,,,,
873,1650628936387,89.344803,,executor,,,,,,,,
874,1650628936392,89.35802,,executor,,,,,,,,
875,1650628936473,89.432275,,executor,,,,,,,,
876,1650628936680,89.644907,,executor,,,,,,,,
877,1650628936684,89.648556,,executor,,,,,,,,
878,1650628936770,89.727914,,executor,,,,,,,,
879,1650628936875,89.833458,,executor,,,,,,,,
880,1650628937073,90.037366,,executor,,,,,,,,
881,1650628937079,90.043769,,executor,,,,,,,,
882,1650628937179,90.144835,,executor,,,,,,,,
883,1650628937383,90.345048,,executor,,,,,,,,
884,1650628937387,90.347142,,executor,,,,,,,,
885,1650628937480,90.443482,,executor,,,,,,,,
886,1650628937678,90.636885,,executor,,,,,,,,
887,1650628937688,90.646834,,executor,,,,,,,,
888,1650628937784,90.743713,,executor,,,,,,,,
889,1650628937894,90.856536,,executor,,,,,,,,
890,1650628937976,90.942165,,executor,,,,,,,,
891,1650628938193,91.152103,,executor,,,,,,,,
892,1650628938222,91.187989,,executor,,,,,,,,
893,1650628938349,91.316803,,executor,,,,,,,,
894,1650628938359,91.324318,,executor,,,,,,,,
895,1650628938497,91.464223,,executor,,,,,,,,
896,1650628938571,91.530013,,executor,,,,,,,,
897,1650628938690,91.650179,,executor,,,,,,,,
898,1650628938804,91.767176,,executor,,,,,,,,
899,1650628938967,91.926096,,executor,,,,,,,,
900,1650628938971,91.930234,,executor,,,,,,,,
901,1650628939072,92.034281,,executor,,,,,,,,
902,1650628939171,92.134433,,executor,,,,,,,,
903,1650628939378,92.337113,,executor,,,,,,,,
904,1650628939387,92.344092,,executor,,,,,,,,
905,1650628939469,92.431444,,executor,,,,,,,,
906,1650628939599,92.560459,,executor,,,,,,,,
907,1650628939684,92.649755,,executor,,,,,,,,
908,1650628939798,92.76386,,executor,,,,,,,,
909,1650628939864,92.826036,,executor,,,,,,,,
910,1650628939978,92.941265,,executor,,,,,,,,
911,1650628940073,93.039122,,executor,,,,,,,,
912,1650628940265,93.224479,,executor,,,,,,,,
913,1650628940268,93.22818,,executor,,,,,,,,
914,1650628940396,93.357457,,executor,,,,,,,,
915,1650628940480,93.443893,,executor,,,,,,,,
916,1650628940592,93.556919,,executor,,,,,,,,
917,1650628940853,93.818182,,executor,,,,,,,,
918,1650628940857,93.82226,,executor,,,,,,,,
919,1650628940865,93.830355,,executor,,,,,,,,
920,1650628941087,94.044846,,executor,,,,,,,,
921,1650628941096,94.053611,,executor,,,,,,,,
922,1650628941180,94.140579,,executor,,,,,,,,
923,1650628941321,94.280965,,executor,,,,,,,,
924,1650628941578,94.538548,,executor,,,,,,,,
925,1650628941582,94.542198,,executor,,,,,,,,
926,1650628941698,94.65935,,executor,,,,,,,,
927,1650628941880,94.837494,,executor,,,,,,,,
928,1650628941891,94.856966,,executor,,,,,,,,
929,1650628942098,95.059958,,executor,,,,,,,,
930,1650628942170,95.134925,,executor,,,,,,,,
931,1650628942179,95.143639,,executor,,,,,,,,
932,1650628942274,95.231515,,executor,,,,,,,,
933,1650628942421,95.376856,,executor,,,,,,,,
934,1650628942642,95.601279,,executor,,,,,,,,
935,1650628942685,95.651049,,executor,,,,,,,,
936,1650628942690,95.655211,,executor,,,,,,,,
937,1650628942850,95.813013,,executor,,,,,,,,
938,1650628942877,95.838472,,executor,,,,,,,,
939,1650628942992,95.954888,,executor,,,,,,,,
940,1650628943065,96.022129,,executor,,,,,,,,
941,1650628943182,96.139779,,executor,,,,,,,,
942,1650628943263,96.22392,,executor,,,,,,,,
943,1650628943376,96.338502,,executor,,,,,,,,
944,1650628943502,96.465003,,executor,,,,,,,,
945,1650628943576,96.534012,,executor,,,,,,,,
946,1650628943723,96.679827,,executor,,,,,,,,
947,1650628943888,96.851006,,executor,,,,,,,,
948,1650628943898,96.861536,,executor,,,,,,,,
949,1650628944110,97.067271,,executor,,,,,,,,
950,1650628944139,97.10375,,executor,,,,,,,,
951,1650628944386,97.35222,,executor,,,,,,,,
952,1650628944416,97.380805,,executor,,,,,,,,
953,1650628944465,97.426055,,executor,,,,,,,,
954,1650628944566,97.527618,,executor,,,,,,,,
955,1650628944573,97.535182,,executor,,,,,,,,
956,1650628944699,97.660347,,executor,,,,,,,,
957,1650628944788,97.754187,,executor,,,,,,,,
958,1650628944868,97.826466,,executor,,,,,,,,
959,1650628945093,98.053888,,executor,,,,,,,,
960,1650628945096,98.057272,,executor,,,,,,,,
961,1650628945294,98.250465,,executor,,,,,,,,
962,1650628945308,98.272938,,executor,,,,,,,,
963,1650628945403,98.36057,,executor,,,,,,,,
964,1650628945495,98.455249,,executor,,,,,,,,
965,1650628945683,98.639082,,executor,,,,,,,,
966,1650628945762,98.723229,,executor,,,,,,,,
967,1650628945872,98.834099,,executor,,,,,,,,
968,1650628946103,99.06756,,executor,,,,,,,,
969,1650628946144,99.105126,,executor,,,,,,,,
970,1650628946198,99.155192,,executor,,,,,,,,
971,1650628946282,99.242454,,executor,,,,,,,,
972,1650628946365,99.330057,,executor,,,,,,,,
973,1650628946716,99.674775,,executor,,,,,,,,
974,1650628946719,99.674775,,executor,,,,,,,,
975,1650628946743,99.699663,,executor,,,,,,,,
976,1650628946885,99.849342,,executor,,,,,,,,
977,1650628946893,99.857316,,executor,,,,,,,,
978,1650628947000,99.956586,,executor,,,,,,,,
979,1650628947068,100.030191,,executor,,,,,,,,
980,1650628947172,100.135193,,executor,,,,,,,,
981,1650628947390,100.345488,,executor,,,,,,,,
982,1650628947400,100.354603,,executor,,,,,,,,
983,1650628947479,100.43869,,executor,,,,,,,,
984,1650628947588,100.549415,,executor,,,,,,,,
985,1650628947675,100.638849,,executor,,,,,,,,
986,1650628947763,100.721448,,executor,,,,,,,,
987,1650628947975,100.935711,,executor,,,,,,,,
988,1650628947979,100.93979,,executor,,,,,,,,
989,1650628948069,101.024656,,executor,,,,,,,,
990,1650628948158,101.114935,,executor,,,,,,,,
991,1650628948389,101.347893,,executor,,,,,,,,
992,1650628948393,101.35231,,executor,,,,,,,,
993,1650628948475,101.438977,,executor,,,,,,,,
994,1650628948691,101.646761,,executor,,,,,,,,
995,1650628948695,101.651086,,executor,,,,,,,,
996,1650628948786,101.747246,,executor,,,,,,,,
997,1650628948874,101.838271,,executor,,,,,,,,
998,1650628949060,102.019589,,executor,,,,,,,,
999,1650628949069,102.027879,,executor,,,,,,,,
1000,1650628949174,102.134806,,executor,,,,,,,,
1001,1650628949286,102.247387,,executor,,,,,,,,
1002,1650628949460,102.419021,,executor,,,,,,,,
1003,1650628949464,102.421186,,executor,,,,,,,,
1004,1650628949564,102.524008,,executor,,,,,,,,
1005,1650628949678,102.639304,,executor,,,,,,,,
1006,1650628949887,102.842216,,executor,,,,,,,,
1007,1650628949893,102.848303,,executor,,,,,,,,
1008,1650628949982,102.940343,,executor,,,,,,,,
1009,1650628950076,103.037674,,executor,,,,,,,,
1010,1650628950279,103.23391,,executor,,,,,,,,
1011,1650628950283,103.238111,,executor,,,,,,,,
1012,1650628950370,103.32809,,executor,,,,,,,,
1013,1650628950475,103.436476,,executor,,,,,,,,
1014,1650628950646,103.602401,,executor,,,,,,,,
1015,1650628950660,103.617245,,executor,,,,,,,,
1016,1650628950775,103.732959,,executor,,,,,,,,
1017,1650628950893,103.85146,,executor,,,,,,,,
1018,1650628951074,104.028429,,executor,,,,,,,,
1019,1650628951077,104.03201,,executor,,,,,,,,
1020,1650628951245,104.207554,,executor,,,,,,,,
1021,1650628951273,104.233952,,executor,,,,,,,,
1022,1650628951371,104.332922,,executor,,,,,,,,
1023,1650628951484,104.447731,,executor,,,,,,,,
1024,1650628951804,104.763821,,executor,,,,,,,,
1025,1650628951822,104.779533,,executor,,,,,,,,
1026,1650628951884,104.846889,,executor,,,,,,,,
1027,1650628951960,104.917345,,executor,,,,,,,,
1028,1650628951971,104.927048,,executor,,,,,,,,
1029,1650628952066,105.02465,,executor,,,,,,,,
1030,1650628952294,105.257041,,executor,,,,,,,,
1031,1650628952298,105.258743,,executor,,,,,,,,
1032,1650628952460,105.418849,,executor,,,,,,,,
1033,1650628952467,105.425778,,executor,,,,,,,,
1034,1650628952575,105.53438,,executor,,,,,,,,
1035,1650628952699,105.660157,,executor,,,,,,,,
1036,1650628952767,105.72201,,executor,,,,,,,,
1037,1650628952891,105.846778,,executor,,,,,,,,
1038,1650628952954,105.91564,,executor,,,,,,,,
1039,1650628953094,106.054912,,executor,,,,,,,,
1040,1650628953253,106.210494,,executor,,,,,,,,
1041,1650628953266,106.221954,,executor,,,,,,,,
1042,1650628953369,106.327829,,executor,,,,,,,,
1043,1650628953474,106.436055,,executor,,,,,,,,
1044,1650628953600,106.561778,,executor,,,,,,,,
1045,1650628953662,106.620246,,executor,,,,,,,,
1046,1650628953767,106.725818,,executor,,,,,,,,
1047,1650628953912,106.869901,,executor,,,,,,,,
1048,1650628954044,107.001915,,executor,,,,,,,,
1049,1650628954055,107.013152,,executor,,,,,,,,
1050,1650628954161,107.120223,,executor,,,,,,,,
1051,1650628954289,107.248764,,executor,,,,,,,,
1052,1650628954406,107.366991,,executor,,,,,,,,
1053,1650628954519,107.481524,,executor,,,,,,,,
1054,1650628954566,107.524807,,executor,,,,,,,,
1055,1650628954693,107.651439,,executor,,,,,,,,
1056,1650628954786,107.747441,,executor,,,,,,,,
1057,1650628954973,107.930112,,executor,,,,,,,,
1058,1650628954978,107.934534,,executor,,,,,,,,
1059,1650628955070,108.030568,,executor,,,,,,,,
1060,1650628955286,108.239107,,executor,,,,,,,,
1061,1650628955294,108.256924,,executor,,,,,,,,
1062,1650628955381,108.3381,,executor,,,,,,,,
1063,1650628955478,108.436161,,executor,,,,,,,,
1064,1650628955583,108.544165,,executor,,,,,,,,
1065,1650628955692,108.653822,,executor,,,,,,,,
1066,1650628955955,108.917259,,executor,,,,,,,,
1067,1650628955989,108.948254,,executor,,,,,,,,
1068,1650628955996,108.955348,,executor,,,,,,,,
1069,1650628956093,109.054925,,executor,,,,,,,,
1070,1650628956180,109.134741,,executor,,,,,,,,
1071,1650628956282,109.240117,,executor,,,,,,,,
1072,1650628956400,109.359211,,executor,,,,,,,,
1073,1650628956491,109.452775,,executor,,,,,,,,
1074,1650628956576,109.530474,,executor,,,,,,,,
1075,1650628956678,109.635473,,executor,,,,,,,,
1076,1650628956897,109.856772,,executor,,,,,,,,
1077,1650628956901,109.861062,,executor,,,,,,,,
1078,1650628956985,109.938683,,executor,,,,,,,,
1079,1650628957083,110.038463,,executor,,,,,,,,
1080,1650628957184,110.142412,,executor,,,,,,,,
1081,1650628957462,110.419222,,executor,,,,,,,,
1082,1650628957470,110.426654,,executor,,,,,,,,
1083,1650628957481,110.435909,,executor,,,,,,,,
1084,1650628957578,110.535995,,executor,,,,,,,,
1085,1650628957775,110.728293,,executor,,,,,,,,
1086,1650628957793,110.755428,,executor,,,,,,,,
1087,1650628957887,110.84202,,executor,,,,,,,,
1088,1650628957965,110.922249,,executor,,,,,,,,
1089,1650628958076,111.036736,,executor,,,,,,,,
1090,1650628958159,111.112617,,executor,,,,,,,,
1091,1650628958466,111.427492,,executor,,,,,,,,
1092,1650628958478,111.437002,,executor,,,,,,,,
1093,1650628958484,111.443442,,executor,,,,,,,,
1094,1650628958579,111.541329,,executor,,,,,,,,
1095,1650628958677,111.631667,,executor,,,,,,,,
1096,1650628958776,111.732443,,executor,,,,,,,,
1097,1650628958950,111.903716,,executor,,,,,,,,
1098,1650628958957,111.910789,,executor,,,,,,,,
1099,1650628959104,112.065471,,executor,,,,,,,,
1100,1650628959177,112.133192,,executor,,,,,,,,
1101,1650628959272,112.230598,,executor,,,,,,,,
1102,1650628959604,112.557613,,executor,,,,,,,,
1103,1650628959684,112.642333,,executor,,,,,,,,
1104,1650628959699,112.655368,,executor,,,,,,,,
1105,1650628959703,112.659809,,executor,,,,,,,,
1106,1650628959895,112.855885,,executor,,,,,,,,
1107,1650628959907,112.868019,,executor,,,,,,,,
1108,1650628959992,112.945118,,executor,,,,,,,,
1109,1650628960065,113.023213,,executor,,,,,,,,
1110,1650628960156,113.117751,,executor,,,,,,,,
1111,1650628960396,113.349134,,executor,,,,,,,,
1112,1650628960411,113.373622,,executor,,,,,,,,
1113,1650628960499,113.45371,,executor,,,,,,,,
1114,1650628960577,113.536271,,executor,,,,,,,,
1115,1650628960663,113.614705,,executor,,,,,,,,
1116,1650628960768,113.723143,,executor,,,,,,,,
1117,1650628961062,114.0137,,executor,,,,,,,,
1118,1650628961077,114.037782,,executor,,,,,,,,
1119,1650628961087,114.047455,,executor,,,,,,,,
1120,1650628961172,114.125553,,executor,,,,,,,,
1121,1650628961301,114.255655,,executor,,,,,,,,
1122,1650628961495,114.455134,,executor,,,,,,,,
1123,1650628961502,114.460722,,executor,,,,,,,,
1124,1650628961572,114.525335,,executor,,,,,,,,
1125,1650628961669,114.625588,,executor,,,,,,,,
1126,1650628961882,114.841183,,executor,,,,,,,,
1127,1650628961887,114.846204,,executor,,,,,,,,
1128,1650628961975,114.92811,,executor,,,,,,,,
1129,1650628962119,115.070984,,executor,,,,,,,,
1130,1650628962195,115.150416,,executor,,,,,,,,
1131,1650628962264,115.224819,,executor,,,,,,,,
1132,1650628962368,115.321084,,executor,,,,,,,,
1133,1650628962551,115.508966,,executor,,,,,,,,
1134,1650628962584,115.539537,,executor,,,,,,,,
1135,1650628962666,115.625734,,executor,,,,,,,,
1136,1650628962797,115.756209,,executor,,,,,,,,
1137,1650628963099,116.05523,,executor,,,,,,,,
1138,1650628963100,116.05523,,executor,,,,,,,,
1139,1650628963103,116.059666,,executor,,,,,,,,
1140,1650628963289,116.240818,,executor,,,,,,,,
1141,1650628963295,116.24608,,executor,,,,,,,,
1142,1650628963362,116.318332,,executor,,,,,,,,
1143,1650628963476,116.43406,,executor,,,,,,,,
1144,1650628963748,116.704782,,executor,,,,,,,,
1145,1650628963769,116.723226,,executor,,,,,,,,
1146,1650628963773,116.727482,,executor,,,,,,,,
1147,1650628963996,116.954919,,executor,,,,,,,,
1148,1650628964006,116.962767,,executor,,,,,,,,
1149,1650628964095,117.04622,,executor,,,,,,,,
1150,1650628964181,117.135549,,executor,,,,,,,,
1151,1650628964450,117.40238,,executor,,,,,,,,
1152,1650628964461,117.412812,,executor,,,,,,,,
1153,1650628964465,117.416091,,executor,,,,,,,,
1154,1650628964571,117.525365,,executor,,,,,,,,
1155,1650628964677,117.632375,,executor,,,,,,,,
1156,1650628964895,117.854308,,executor,,,,,,,,
1157,1650628964914,117.871948,,executor,,,,,,,,
1158,1650628964998,117.95893,,executor,,,,,,,,
1159,1650628965106,118.059632,,executor,,,,,,,,
1160,1650628965185,118.142023,,executor,,,,,,,,
1161,1650628965287,118.246478,,executor,,,,,,,,
1162,1650628965554,118.51234,,executor,,,,,,,,
1163,1650628965572,118.530274,,executor,,,,,,,,
1164,1650628965576,118.534514,,executor,,,,,,,,
1165,1650628965789,118.749767,,executor,,,,,,,,
1166,1650628965801,118.762051,,executor,,,,,,,,
1167,1650628965880,118.834966,,executor,,,,,,,,
1168,1650628966010,118.964389,,executor,,,,,,,,
1169,1650628966245,119.201974,,executor,,,,,,,,
1170,1650628966278,119.230782,,executor,,,,,,,,
1171,1650628966282,119.23521,,executor,,,,,,,,
1172,1650628966489,119.446493,,executor,,,,,,,,
1173,1650628966499,119.456004,,executor,,,,,,,,
1174,1650628966603,119.562046,,executor,,,,,,,,
1175,1650628966681,119.634008,,executor,,,,,,,,
1176,1650628966775,119.731396,,executor,,,,,,,,
1177,1650628966984,119.944507,,executor,,,,,,,,
1178,1650628966996,119.956098,,executor,,,,,,,,
1179,1650628967145,120.102514,,executor,,,,,,,,
1180,1650628967162,120.12006,,executor,,,,,,,,
1181,1650628967261,120.220177,,executor,,,,,,,,
1182,1650628967387,120.347414,,executor,,,,,,,,
1183,1650628967558,120.5132,,executor,,,,,,,,
1184,1650628967565,120.520436,,executor,,,,,,,,
1185,1650628967679,120.636125,,executor,,,,,,,,
1186,1650628967797,120.754666,,executor,,,,,,,,
1187,1650628968002,120.95357,,executor,,,,,,,,
1188,1650628968008,120.959653,,executor,,,,,,,,
1189,1650628968254,121.205997,,executor,,,,,,,,
1190,1650628968274,121.234984,,executor,,,,,,,,
1191,1650628968282,121.243115,,executor,,,,,,,,
1192,1650628968379,121.332274,,executor,,,,,,,,
1193,1650628968513,121.465552,,executor,,,,,,,,
1194,1650628968581,121.538568,,executor,,,,,,,,
1195,1650628968688,121.649534,,executor,,,,,,,,
1196,1650628968965,121.924571,,executor,,,,,,,,
1197,1650628969008,121.963776,,executor,,,,,,,,
1198,1650628969041,121.993179,,executor,,,,,,,,
1199,1650628969082,122.042894,,executor,,,,,,,,
1200,1650628969176,122.130096,,executor,,,,,,,,
1201,1650628969316,122.26905,,executor,,,,,,,,
1202,1650628969553,122.506758,,executor,,,,,,,,
1203,1650628969567,122.520536,,executor,,,,,,,,
1204,1650628969575,122.528159,,executor,,,,,,,,
1205,1650628969678,122.632707,,executor,,,,,,,,
1206,1650628969961,122.913844,,executor,,,,,,,,
1207,1650628969972,122.922744,,executor,,,,,,,,
1208,1650628969978,122.929283,,executor,,,,,,,,
1209,1650628970069,123.023395,,executor,,,,,,,,
1210,1650628970197,123.152377,,executor,,,,,,,,
1211,1650628970386,123.337265,,executor,,,,,,,,
1212,1650628970410,123.36736,,executor,,,,,,,,
1213,1650628970497,123.44855,,executor,,,,,,,,
1214,1650628970583,123.538019,,executor,,,,,,,,
1215,1650628970684,123.641991,,executor,,,,,,,,
1216,1650628970877,123.829418,,executor,,,,,,,,
1217,1650628970881,123.833285,,executor,,,,,,,,
1218,1650628971055,124.014532,,executor,,,,,,,,
1219,1650628971073,124.031026,,executor,,,,,,,,
1220,1650628971174,124.125028,,executor,,,,,,,,
1221,1650628971266,124.219672,,executor,,,,,,,,
1222,1650628971383,124.337891,,executor,,,,,,,,
1223,1650628971473,124.431014,,executor,,,,,,,,
1224,1650628971582,124.541176,,executor,,,,,,,,
1225,1650628971670,124.621698,,executor,,,,,,,,
1226,1650628971779,124.731705,,executor,,,,,,,,
1227,1650628971867,124.82403,,executor,,,,,,,,
1228,1650628971972,124.93076,,executor,,,,,,,,
1229,1650628972070,125.021609,,executor,,,,,,,,
1230,1650628972184,125.136616,,executor,,,,,,,,
1231,1650628972282,125.23722,,executor,,,,,,,,
1232,1650628972369,125.327641,,executor,,,,,,,,
1233,1650628972542,125.498051,,executor,,,,,,,,
1234,1650628972589,125.541088,,executor,,,,,,,,
1235,1650628972683,125.638205,,executor,,,,,,,,
1236,1650628972777,125.735297,,executor,,,,,,,,
1237,1650628972877,125.836756,,executor,,,,,,,,
1238,1650628973008,125.957782,,executor,,,,,,,,
1239,1650628973089,126.042004,,executor,,,,,,,,
1240,1650628973178,126.134432,,executor,,,,,,,,
1241,1650628973283,126.243275,,executor,,,,,,,,
1242,1650628973393,126315,,executor,,,,,,,,
